first,last,username,password,birthday,lastLogin
Felix,Simion,fsimion0,PVkyAhX,09/06/2019,2014/08/10 72:67:96
Eldin,Eliot,eeliot1,K4GSLtMubZ0,10/19/2019,1993/07/75 01:86:97
Drucill,Brockhurst,dbrockhurst2,Aq1OowOq,08/06/2019,2016/09/93 89:38:07
Son,Hollow,shollow3,7IL0h4PS,05/28/2019,2000/08/04 12:55:80
Tresa,Pedrozzi,tpedrozzi4,tDTWJ5PqkOc6,01/11/2020,
Bern,Cowoppe,bcowoppe5,1SgHBLyNB,09/25/2019,1999/08/11 83:37:23
Duncan,Snassell,dsnassell6,mOTRRqGmc,01/16/2020,2015/05/96 49:30:55
Kania,Seif,kseif7,ddEKzlL1p8Pb,11/14/2019,
Kath,Shemmans,kshemmans8,VuvfWhm,02/08/2020,2011/06/57 91:07:79
Modestine,Hanney,mhanney9,R1U940WoFAFL,02/28/2020,
Kerrin,Napleton,knapletona,vXLTUP,08/23/2019,2017/00/60 83:11:27
Silas,Greedier,sgreedierb,tPm9Y5mkRl,09/03/2019,1996/04/85 92:34:80
Querida,Spenton,qspentonc,FGEBvuO,10/28/2019,
Marcela,Rowell,mrowelld,sUQna5Jtc,04/03/2020,1996/00/84 46:00:73
Leonelle,Ranklin,lrankline,QmrzxOV5r,03/06/2020,2014/08/47 40:24:69
Pegeen,Sparshett,psparshettf,MO8zB3DetJE,11/03/2019,2017/00/24 17:26:97
Alair,Goldine,agoldineg,EZ8EuIELhlC,06/05/2019,2010/05/68 54:62:30
Lanette,Culver,lculverh,gkqFZYYd,06/09/2019,2007/04/12 42:53:86
Ardith,Abramov,aabramovi,XemRpoU,02/29/2020,2016/04/17 40:00:73
Jennica,Mattke,jmattkej,tYA0psYmodsc,10/13/2019,2011/02/63 71:10:42
Godfree,Fearnehough,gfearnehoughk,y7esOqZP,03/20/2020,1993/08/51 10:78:74
Mildrid,O'Beirne,mobeirnel,GK5LVe9jrHZ,11/18/2019,1997/03/69 16:36:57
Aube,Tersay,atersaym,d2Bry7j3O3m,03/30/2020,2004/09/86 65:06:11
Florida,Wibrew,fwibrewn,zJkr7S,10/14/2019,2003/09/65 71:95:14
Tressa,Cranfield,tcranfieldo,0AMlsk,11/20/2019,2003/01/07 81:14:19
Giff,Gorstidge,ggorstidgep,Tu3zoIq,03/26/2020,2002/07/85 59:58:23
Luis,Woodstock,lwoodstockq,UH5NT2AoCuWA,07/15/2019,
Julie,Gillatt,jgillattr,jatSFxBtnQ,05/20/2019,1994/06/94 43:37:28
Prue,MacEveley,pmaceveleys,XLQgodCzYLTE,04/21/2019,2012/02/80 13:84:15
Jae,Gumery,jgumeryt,JDMUFFU3vaa,12/29/2019,2019/01/95 16:20:94
Douglass,Grimsdike,dgrimsdikeu,S7AsuUb,08/20/2019,2018/02/56 24:10:68
Christina,Millis,cmillisv,8ZCctN,12/26/2019,2010/02/21 69:33:40
Stephannie,Lever,sleverw,CyYroS7wg,12/15/2019,1992/06/48 19:89:62
Ashil,Tramel,atramelx,HDVSBU6dKrAL,04/28/2019,2002/07/82 32:36:25
Thaine,Healings,thealingsy,h7GgMoTrEx,07/01/2019,2007/03/84 22:53:06
Ingrim,De Marchi,idemarchiz,TpCzmiucu,01/30/2020,2014/00/35 56:71:62
Pieter,Cruddas,pcruddas10,iyM4UjLuFF,03/03/2020,2002/08/67 42:47:25
Bird,Gailor,bgailor11,EKY50epEQ,08/15/2019,
Shermy,Sanz,ssanz12,baWmzPZ,01/14/2020,
Felice,Brinkman,fbrinkman13,KKz3wdu4X4,06/05/2019,
Ripley,Tincknell,rtincknell14,hIJGsn,10/29/2019,1997/00/43 77:23:24
Herby,Stevens,hstevens15,zlWuEwCNA,04/02/2020,1994/06/23 11:20:29
Minette,McCloughen,mmccloughen16,vBGX8zj,09/23/2019,2013/00/48 55:92:05
Madeline,Hek,mhek17,UHgCPI8pn,11/02/2019,2002/06/21 02:05:84
Myrwyn,Agnolo,magnolo18,YKYDpcR,12/20/2019,
Adler,Threader,athreader19,L0iNg88XHz5P,02/19/2020,1990/08/35 39:21:31
Tove,MacKenney,tmackenney1a,JHIT4tGZ1xwb,06/19/2019,
Kendricks,Lakenton,klakenton1b,I8hUIYUyb,07/08/2019,2015/02/16 48:31:02
Irwinn,Ector,iector1c,w2ovCJIH,01/21/2020,
Charil,Hutcheon,chutcheon1d,lHrMci34BF,06/29/2019,1997/09/97 29:11:96
Hashim,Kennedy,hkennedy1e,wimXsnP,01/13/2020,1996/00/09 79:75:36
Lauri,Hillock,lhillock1f,OGXdiaOb,01/10/2020,2015/02/91 45:55:56
Lorianne,Plet,lplet1g,kiRzXZEss,08/29/2019,2005/06/92 23:10:25
Belia,Kolakovic,bkolakovic1h,2i300Aqzr,01/23/2020,
Branden,Ealden,bealden1i,Ge5TkKI9,01/08/2020,
Karissa,Harsum,kharsum1j,XIhs1DK9XhP,03/22/2020,1992/05/82 93:86:00
Goldi,Rigler,grigler1k,WHHV3o,07/13/2019,2008/03/97 46:97:37
Enoch,Bosman,ebosman1l,zBN3LNrhgu,06/13/2019,
Dacy,Scholey,dscholey1m,1aZbM5dkz4Fi,12/20/2019,2016/00/57 32:53:25
Waly,Randle,wrandle1n,LsxJLWXXUC5H,02/06/2020,2010/00/49 71:02:38
Franciska,Irnis,firnis1o,wsC0cG40M,10/02/2019,1992/07/25 46:88:32
Lissie,Pugh,lpugh1p,m9kuxoJ5,07/10/2019,2016/05/42 18:92:53
Iseabal,Jarret,ijarret1q,poJTcpi,03/05/2020,
Kristoforo,Erswell,kerswell1r,niUT2M,06/05/2019,1996/04/79 92:89:74
Mariejeanne,Pollicote,mpollicote1s,PovkIqmF6qvz,08/28/2019,2010/07/95 00:17:09
Hughie,Stenet,hstenet1t,GafBDGqI9oYo,02/27/2020,2010/06/50 05:46:15
Lorrayne,Parkey,lparkey1u,p7BcwFytQb,12/25/2019,
Wyn,McArt,wmcart1v,hIO9tBPlp3UX,10/03/2019,2009/00/20 79:68:27
Gino,Losselyong,glosselyong1w,1keLJHq,09/05/2019,2008/00/62 46:23:01
Candida,Hiscocks,chiscocks1x,YQIJDg2,07/28/2019,1995/06/73 43:99:83
Jules,Wedlock,jwedlock1y,jvPBqL1zle,07/17/2019,2004/00/17 28:33:59
Carmencita,Budibent,cbudibent1z,CaGN21rfEBx,12/17/2019,2012/04/46 00:29:93
Luella,Stockoe,lstockoe20,qKyCXgE4,11/23/2019,1998/03/86 38:80:10
Marlee,Wildbore,mwildbore21,M38qgR,11/18/2019,2011/00/50 29:66:48
Gus,Dalziel,gdalziel22,rlDdQ74ZAAA,03/29/2020,
Leone,Buglar,lbuglar23,lqTyg0L,10/12/2019,2012/00/10 83:72:70
Ephraim,Howship,ehowship24,GyLD4C2,01/14/2020,2006/09/45 26:50:80
Maggi,Gammet,mgammet25,k1WfHWZL4H,01/30/2020,1993/01/05 03:07:60
Douglass,Arnaud,darnaud26,2bv23tC,02/17/2020,1997/09/27 66:03:93
Matty,Venditto,mvenditto27,JbbwbDt,11/25/2019,2016/08/49 69:84:07
Baxter,Doak,bdoak28,VRUymSRk91YX,07/26/2019,2007/09/49 75:99:60
Minor,Whitehurst,mwhitehurst29,IgfzR05hw,02/05/2020,
Floria,Low,flow2a,9p7miRn,12/28/2019,
Pennie,Gadeaux,pgadeaux2b,7M1fubbO6,01/27/2020,2010/08/18 75:16:00
Rozelle,Bygate,rbygate2c,fTphccWz7d7,01/02/2020,1990/06/37 33:04:10
Laverne,Cartmale,lcartmale2d,x3l0F2p1Dzo,08/06/2019,2000/05/56 59:00:70
Curry,Aspinal,caspinal2e,vVJCV8,03/31/2020,2001/07/20 24:29:42
Tish,Aynold,taynold2f,qRW1E6,12/02/2019,2001/01/00 64:19:24
Skipper,Males,smales2g,HNd2fVcOO4,08/07/2019,2018/04/63 86:48:50
Sella,Davidowich,sdavidowich2h,OkUQZzrKcy3,03/14/2020,
Allyn,Batting,abatting2i,PNOi2eYmmp,10/12/2019,2009/09/75 26:54:65
Augustin,Brandle,abrandle2j,YWJ44Zh,08/30/2019,1999/04/79 44:05:01
Devonna,Goldsworthy,dgoldsworthy2k,KLaT268l3J,05/05/2019,2015/02/78 92:80:67
Marti,Peetermann,mpeetermann2l,Z1qBUbr,01/11/2020,2015/03/76 69:90:84
Lynea,Calder,lcalder2m,Ihj5cuS7Rk,02/06/2020,2016/08/80 51:02:50
Radcliffe,Careless,rcareless2n,MSBEk2Z,08/08/2019,1999/02/36 75:67:11
Martie,Royse,mroyse2o,7eyRpZn,06/15/2019,2003/07/85 79:31:82
Quintin,Geydon,qgeydon2p,PsUHrjXj,02/10/2020,2005/05/87 87:97:89
Dorothea,Selcraig,dselcraig2q,vdCBisU4,05/12/2019,1993/00/09 26:82:17
Dmitri,Speed,dspeed2r,2G7RWvcH67S,10/10/2019,1994/01/76 58:38:28
Laure,Morris,lmorris2s,UUwbORJ6x,04/01/2020,1996/05/49 47:59:19
Theodor,Champley,tchampley2t,iNE7KW,03/23/2020,1995/00/29 99:19:11
Issy,Duffus,iduffus2u,nEgwsLq3D,03/05/2020,2014/05/16 41:20:70
Bink,Haws,bhaws2v,4Y2mmQg5rPp,09/24/2019,
Daile,Tures,dtures2w,OpPmZzeFz,04/07/2020,2007/07/42 56:47:19
Willow,Warters,wwarters2x,pD5ROe7HsNs3,09/05/2019,1992/02/46 51:60:50
Carmelina,Bettinson,cbettinson2y,Q0HoxuzuB,01/27/2020,2003/03/89 92:06:03
Percival,Marzello,pmarzello2z,URmvHys2Xxz,06/30/2019,2011/03/24 46:21:64
Jeralee,Engley,jengley30,u2bVHtjJV,11/27/2019,2018/07/49 51:90:71
Averyl,Beautyman,abeautyman31,wpX8OpfWVa,12/18/2019,1996/09/52 38:84:94
Vilhelmina,Borg,vborg32,hTq5e1J6EAm,02/11/2020,1992/00/66 04:06:81
Zackariah,Barfitt,zbarfitt33,zwf6Zt8WfYj,02/28/2020,
Say,Paton,spaton34,vlmAKJlbq2,01/01/2020,2016/01/08 08:51:40
Koralle,Synnot,ksynnot35,3PkgrbjRN4,05/13/2019,1995/09/10 87:40:74
Bennie,Wurz,bwurz36,vOzP1xcDKRQu,05/02/2019,
Den,McGow,dmcgow37,VK4HHZSP6PAe,10/02/2019,2017/02/18 56:22:01
Edan,Tuckey,etuckey38,iYmxw9RDeec,10/28/2019,2011/02/57 64:83:88
Aimil,Baszkiewicz,abaszkiewicz39,jr0DfaUAbEF,12/23/2019,
Maurene,McKinlay,mmckinlay3a,sClkre50,03/26/2020,
Sidnee,Bierman,sbierman3b,c6rbLC7pWW,02/01/2020,
Amalee,Brewse,abrewse3c,oYl443VZ6nJG,09/23/2019,2019/04/01 00:06:95
Kathy,Ovett,kovett3d,ErJZAu9l6,04/17/2019,2014/06/52 89:56:21
Daryl,Eames,deames3e,cbPX0pg6IhR,11/05/2019,1998/02/48 74:61:12
Calv,Cattonnet,ccattonnet3f,QSqeg1af3,06/09/2019,1999/04/85 55:43:79
Meggie,Praundlin,mpraundlin3g,fmi7sHYo,08/06/2019,1995/05/59 82:67:16
Anabelle,McIllroy,amcillroy3h,00NVqFVP,07/08/2019,
Giacinta,Blyde,gblyde3i,bEF5PN,04/12/2020,2003/03/79 94:31:16
Bird,Portugal,bportugal3j,F1DUcTEEa,03/20/2020,
Ulla,Matuszinski,umatuszinski3k,H6pQ8BC7XoeL,07/27/2019,2011/04/47 83:15:14
Graeme,Callway,gcallway3l,N9jMv9Y8Hb81,11/27/2019,1997/06/30 95:76:14
Arielle,Greeves,agreeves3m,ohKNVwSw,04/28/2019,1999/02/35 74:28:54
Katie,Howgill,khowgill3n,ksfQtWFnl,06/30/2019,2011/04/49 76:30:89
Esma,Malcolm,emalcolm3o,nvSfqvBX,12/14/2019,
Mead,Batham,mbatham3p,XqsJx9l,10/15/2019,1998/03/58 90:60:69
Coleman,Websdale,cwebsdale3q,OrXAfQ,11/07/2019,2019/08/37 32:62:35
Joanne,Leadbetter,jleadbetter3r,dIYXyJ3pTo,12/03/2019,2008/06/23 15:49:41
Melisent,Ormond,mormond3s,8NXUFBvzZDY,08/12/2019,1998/03/23 47:67:33
Olav,Knobell,oknobell3t,b2EVokFo,08/27/2019,1993/03/16 94:38:75
Kev,Kemmey,kkemmey3u,gNwkqtToC9,03/01/2020,2003/02/77 62:47:85
Robinet,Kearley,rkearley3v,lJLBFR,06/08/2019,
Gawen,Brazener,gbrazener3w,GNvgp6,02/16/2020,2012/01/68 85:65:75
Gilberta,Boullin,gboullin3x,bafgEhF,11/16/2019,2000/04/33 12:18:05
Coleen,Quinet,cquinet3y,MMmWlszE5Xi,04/22/2019,2016/09/71 15:47:00
Merwyn,De la Yglesia,mdelayglesia3z,zNjyIUM,03/23/2020,2014/07/85 19:67:93
Peterus,Witheridge,pwitheridge40,gVMhpnP,01/28/2020,2002/02/96 15:15:97
Jaymie,Housley,jhousley41,JvdDVQ,04/05/2020,
Nickie,Mewe,nmewe42,tqPrx5j6,01/01/2020,2019/03/90 30:71:04
Luis,Guerry,lguerry43,8nZu5od,08/10/2019,2012/09/42 95:69:49
Chandra,Poate,cpoate44,b6TJE4QFF5Si,12/26/2019,2014/05/25 53:50:44
Gregor,MacCaffrey,gmaccaffrey45,7CnKXQFIAqyl,04/30/2019,
Celestina,Cosgrave,ccosgrave46,nan1mm,06/21/2019,
Ranee,Gatfield,rgatfield47,ewZ2RwmN,11/22/2019,2013/01/38 38:97:24
Jacklyn,Golborne,jgolborne48,iEyqmNp7,11/13/2019,2012/03/67 54:22:29
Bale,Gudger,bgudger49,qcNMDvrfm,04/15/2019,2016/05/87 62:55:19
Sile,Swainson,sswainson4a,Xt7X8XVh,08/20/2019,2001/09/00 87:39:17
Pammi,Degoey,pdegoey4b,TgAZ6bGnNbY0,10/16/2019,
Orrin,Philbrick,ophilbrick4c,pDi5Rs3,05/05/2019,1990/04/55 52:59:85
Shirline,Rumming,srumming4d,w3ILfBV,12/15/2019,1992/07/06 17:13:51
Corissa,McGovern,cmcgovern4e,eBn9xW9Iq,07/11/2019,2004/05/80 00:00:12
Deborah,Menis,dmenis4f,rR7qiBHTdhUX,05/20/2019,2012/08/36 84:92:86
Dollie,Birdwistle,dbirdwistle4g,0qLd7Y4T59F,10/08/2019,2008/04/25 00:50:43
Emmalynne,O' Shea,eoshea4h,LQfOjDSv,05/07/2019,1990/08/40 58:28:74
Gibbie,Bromfield,gbromfield4i,hEcIeDTn,02/19/2020,2001/08/95 97:16:65
Marcus,Braunlein,mbraunlein4j,uRtH2tTF8Y,03/21/2020,2015/09/12 01:64:02
Mikel,Cowin,mcowin4k,nZRMvcHEc,02/06/2020,2011/03/62 21:83:25
Corena,Cail,ccail4l,UQelhQ,02/27/2020,1997/02/33 95:83:60
Tammi,Hadwick,thadwick4m,bmdXTwjj,02/19/2020,2001/06/24 74:74:57
Othella,Hazelhurst,ohazelhurst4n,PfkMjeIV,07/04/2019,2004/01/36 38:06:94
Arleta,Cartwright,acartwright4o,y5obiXf,02/10/2020,2005/04/57 66:62:76
Shandy,McCarl,smccarl4p,rODkZDRs,02/03/2020,2016/00/46 35:88:03
Page,Shilliday,pshilliday4q,eCtHDSj244,04/17/2019,2012/04/89 97:88:98
Fransisco,Dodgshun,fdodgshun4r,UsZf22v7Auqy,11/19/2019,2016/04/93 83:77:45
Orelle,Roon,oroon4s,OL8rf160P,12/01/2019,2017/05/23 84:50:25
Celeste,Debrett,cdebrett4t,XK2gCm9cFJ,10/23/2019,
Nora,Wolstenholme,nwolstenholme4u,mQXij7LBHU,09/25/2019,2018/04/92 39:36:17
Muriel,Mitford,mmitford4v,J4b0sAhP,04/21/2019,
Oralla,Laight,olaight4w,1CH6uc5,10/21/2019,2008/01/57 39:86:95
Dare,Rewbottom,drewbottom4x,NM73lj7w,09/22/2019,
Ximenes,Filde,xfilde4y,oJERKj8wGdcO,01/23/2020,2012/06/12 14:06:31
Brok,Calam,bcalam4z,EyCLrO8AIc,08/08/2019,2015/03/59 98:14:17
Evelin,Snazel,esnazel50,dquukc,02/23/2020,1997/09/21 26:57:11
Pinchas,Vasnetsov,pvasnetsov51,aTkLea,04/27/2019,
Belinda,Minogue,bminogue52,6vSL7tPTPq,06/21/2019,2008/06/56 45:76:04
Guillema,Boshard,gboshard53,EixV8Tl,11/20/2019,2008/06/18 89:50:61
Erl,Corington,ecorington54,Go38JAllnv,07/03/2019,1997/00/25 80:91:51
Bea,Fawckner,bfawckner55,ASq3Aiz,09/22/2019,
Peria,Probetts,pprobetts56,mwEWW0,01/25/2020,1999/09/68 98:34:22
Rana,Bickle,rbickle57,Bn6WU3,01/02/2020,1995/05/69 87:32:02
Rosina,Hadgraft,rhadgraft58,GLkvvs,10/03/2019,1993/08/22 48:16:17
Kai,Kings,kkings59,G3Hnntm9,05/24/2019,2006/01/93 63:43:43
Eb,Heninghem,eheninghem5a,GdDmtOWcd2NJ,05/24/2019,
Winonah,Simao,wsimao5b,6NlpLutXh,07/02/2019,2016/08/85 65:65:35
Brigit,Vowdon,bvowdon5c,5JbYKC,04/23/2019,2018/03/30 73:52:26
Mirna,Disman,mdisman5d,rIcBNfY,09/05/2019,2014/06/60 08:25:54
Torey,Cowing,tcowing5e,BPCGXHPiVM,06/07/2019,2014/05/93 86:08:05
Selinda,Gurys,sgurys5f,hthc7raz2h57,05/19/2019,2003/02/28 10:11:02
Luis,Scoular,lscoular5g,munv00CH,09/24/2019,2013/09/57 45:22:66
Dallon,Woolbrook,dwoolbrook5h,xZm5sYl,12/28/2019,1998/08/54 06:02:14
Timofei,Stead,tstead5i,g1H5sxkoqT,08/09/2019,1993/07/30 97:58:02
Keefe,Limbert,klimbert5j,6QA0zJfsIk,03/05/2020,2012/01/11 40:97:28
